"Gene","Uniprot","Pearson_correlation"
"CRABP2","P29373",-0.53709949838729
"CDC42EP1","Q00587",-0.516370261914858
