"gene","enriched_in","Category","Term_accession","Term_description","Count_query","Pop_query","Count_universe","Pop_universe","%_query","%_universe","pval","adjpval","fold_change","Proteins_in_query"
"CD2AP","correlated","GO_BP","0032534","regulation of microvillus assembly ","2","24","3","7049","4.16666666666667","0.0425592282593276","0.0133656322326331","1","97.9027777777778","O00592;Q16658"
"CD2AP","correlated","GO_BP","0047497","mitochondrion transport along microtubule ","2","24","5","7049","4.16666666666667","0.0709320470988793","0.0199840818510267","1","58.7416666666667","P0CG47;P33176"
"CD2AP","correlated","GO_CC","0015629","actin cytoskeleton ","4","24","120","7049","12.5","1.7023691303731","0.00772966560435146","0.554242067724671","7.34270833333333","Q15019;Q16658;Q9NZA1;Q9Y5K6"
"CD2AP","correlated","GO_CC","0034451","centriolar satellite ","3","24","51","7049","8.33333333333333","0.723506880408569","0.013413781764126","0.554242067724671","11.5179738562091","O00592;P33176;Q9Y5K6"
"CD2AP","correlated","GO_CC","0001726","ruffle ","3","24","60","7049","8.33333333333333","0.851184565186551","0.0180731109040654","0.554242067724671","9.79027777777777","O00592;Q16658;Q9Y5K6"
"CD2AP","correlated","GO_CC","0005794","Golgi apparatus ","6","24","513","7049","20.8333333333333","7.27762803234501","0.0263517845182035","0.606091043918681","2.86265432098765","Q09328;Q9BRK5;Q9BWL3;Q9H3P7;Q9NZA1;Q9UKV5"
"CD2AP","correlated","GO_CC","0031982","vesicle ","3","24","86","7049","8.33333333333333","1.22003121010072","0.034704307587387","0.638559259607921","6.83042635658915","P0CG47;P33176;Q9Y5K6"
"CD2AP","correlated","GO_MF","0031386","protein tag ","2","24","9","7049","4.16666666666667","0.127677684777983","0.0330935650735882","1","32.6342592592593","P0CG47;Q6EEV6"
"CD2AP","correlated","GO_MF","0045296","cadherin binding ","4","24","213","7049","12.5","3.02170520641226","0.034512723300289","1","4.13673708920188","P33176;Q15019;Q16658;Q9Y5K6"
